"","Player","Team","Season","Position","Base Salary","Guaranteed Compensation","Date"
"","Carlos Vela","LAFC","2021","F","$4,500,000","$6,300,000","2021-09-30"
"","Chicharito","LAG","2021","F","$6,000,000","$6,000,000","2021-09-30"
"","Gonzalo Higuaín","MIA","2021","F","$5,100,000","$5,793,750","2021-09-30"
"","Alejandro Pozuelo","TOR","2021","M","$3,800,000","$4,693,000","2021-09-30"
"","Luiz Araújo","ATL","2021","F","$3,600,000","$3,941,670","2021-09-30"
"","Josef Martínez","ATL","2021","F","$3,500,000","$3,891,670","2021-09-30"
"","Jozy Altidore","TOR","2021","F","$2,161,250","$3,602,250","2021-09-30"
"","Rodolfo Pizarro","MIA","2021","M","$3,050,000","$3,350,000","2021-09-30"
"","Maximiliano Morález","NYC","2021","M","$2,500,000","$3,285,000","2021-09-30"
"","Victor Wanyama","MTL","2021","M","$2,400,000","$3,091,670","2021-09-30"
"","Carles Gil","NER","2021","M","$2,750,000","$3,045,830","2021-09-30"
"","Franco Jara","FCD","2021","F","$2,290,000","$2,977,000","2021-09-30"
"","Nicolás Lodeiro","SEA","2021","M","$2,120,000","$2,736,670","2021-09-30"
"","Robert Beric","CHI","2021","F","$2,275,000","$2,703,160","2021-09-30"
"","Sebastián Driussi","ATX","2021","F","$2,571,420","$2,688,420","2021-09-30"
"","Adrien Hunou","MIN","2021","F","$2,350,000","$2,587,700","2021-09-30"
"","Nani","ORL","2021","F","$2,333,330","$2,486,250","2021-09-30"
"","Gastón Giménez","CHI","2021","M","$2,058,000","$2,358,670","2021-09-30"
"","Ezequiel Barco","ATL","2021","M","$1,875,000","$2,358,330","2021-09-30"
"","Albert Rusnák","RSL","2021","M","$2,150,000","$2,351,670","2021-09-30"
"","Sebastián Blanco","POR","2021","M","$2,200,000","$2,313,330","2021-09-30"
"","Luciano Acosta","CIN","2021","M","$1,943,500","$2,222,850","2021-09-30"
"","Alan Pulido","SKC","2021","F","$2,200,000","$2,200,000","2021-09-30"
"","Gustavo Bou","NER","2021","M","$2,120,000","$2,120,000","2021-09-30"
"","Raúl Ruidíaz","SEA","2021","F","$2,100,000","$2,100,000","2021-09-30"
"","Ryan Gauld","VAN","2021","M","$1,920,000","$2,025,000","2021-09-30"
"","Jonathan dos Santos","LAG","2021","M","$2,000,000","$2,000,000","2021-09-30"
"","Lucas Zelarayán","CLB","2021","M","$1,620,000","$1,985,000","2021-09-30"
"","Yeferson Soteldo","TOR","2021","F","$1,500,000","$1,965,000","2021-09-30"
"","Mauricio Pereyra","ORL","2021","M","$1,800,000","$1,848,000","2021-09-30"
"","Brenner","CIN","2021","F","$1,221,820","$1,760,420","2021-09-30"
"","Cecilio Domínguez","ATX","2021","F","$1,530,000","$1,736,000","2021-09-30"
"","Edison Flores","DCU","2021","M","$1,600,000","$1,733,000","2021-09-30"
"","Darlington Nagbe","CLB","2021","M","$1,710,000","$1,710,000","2021-09-30"
"","Johnny Russell","SKC","2021","F","$1,600,000","$1,600,000","2021-09-30"
"","Jürgen Damm","ATL","2021","M","$1,290,000","$1,582,510","2021-09-30"
"","Hany Mukhtar","NSH","2021","M","$1,505,000","$1,505,000","2021-09-30"
"","Yimmi Chará","POR","2021","M","$1,200,000","$1,503,000","2021-09-30"
"","Blaise Matuidi","MIA","2021","M","$1,500,000","$1,500,000","2021-09-30"
"","Michael Bradley","TOR","2021","M","$1,500,000","$1,500,000","2021-09-30"
"","Jamiro Monteiro","PHI","2021","M","$1,300,000","$1,476,250","2021-09-30"
"","Kevin Cabral","LAG","2021","F","$1,440,000","$1,440,000","2021-09-30"
"","Gyasi Zardes","CLB","2021","F","$1,350,000","$1,400,000","2021-09-30"
"","Lucas Cavallini","VAN","2021","F","$1,100,000","$1,362,500","2021-09-30"
"","Darwin Quintero","HOU","2021","F","$1,352,060","$1,352,060","2021-09-30"
"","Damir Kreilach","RSL","2021","M","$1,200,000","$1,350,000","2021-09-30"
"","Aké Arnaud Loba","NSH","2021","F","$1,077,000","$1,318,480","2021-09-30"
"","Eduard Atuesta","LAFC","2021","M","$550,000","$1,278,000","2021-09-30"
"","Younes Namli","COL","2021","M","$850,000","$1,271,000","2021-09-30"
"","Maximiliano Urruti","HOU","2021","F","$1,136,130","$1,270,150","2021-09-30"
"","Jordan Morris","SEA","2021","F","$1,150,000","$1,270,100","2021-09-30"
"","Cristian Espinoza","SJE","2021","F","$1,150,000","$1,265,000","2021-09-30"
"","Everton Luiz","RSL","2021","M","$1,160,000","$1,260,000","2021-09-30"
"","Aljaz Struna","MTL","2021","D","$1,100,000","$1,210,000","2021-09-30"
"","Yuya Kubo","CIN","2021","M","$1,091,000","$1,206,750","2021-09-30"
"","Tim Parker","HOU","2021","D","$1,161,800","$1,199,300","2021-09-30"
"","Talles Magno","NYC","2021","F","$950,000","$1,198,000","2021-09-30"
"","Jesús Medina","NYC","2021","M","$1,050,000","$1,170,830","2021-09-30"
"","Jonathan Mensah","CLB","2021","D","$1,000,000","$1,140,670","2021-09-30"
"","Patryk Klimala","NYRB","2021","F","$1,000,000","$1,135,000","2021-09-30"
"","Allan Cruz","CIN","2021","M","$1,020,000","$1,134,000","2021-09-30"
"","Teenage Hadebe","HOU","2021","D","$960,000","$1,125,180","2021-09-30"
"","Andreu Fontàs","SKC","2021","D","$1,125,000","$1,125,000","2021-09-30"
"","Kellyn Acosta","COL","2021","M","$1,000,000","$1,115,000","2021-09-30"
"","Adam Buksa","NER","2021","F","$1,000,000","$1,106,250","2021-09-30"
"","Ramón Ábila","DCU","2021","F","$800,000","$1,105,000","2021-09-30"
"","David Accam","NSH","2021","F","$975,000","$1,102,920","2021-09-30"
"","Alexander Ring","ATX","2021","M","$1,000,000","$1,095,000","2021-09-30"
"","Omar González","TOR","2021","D","$780,000","$1,055,940","2021-09-30"
"","Álvaro Medrán","CHI","2021","M","$1,000,000","$1,055,000","2021-09-30"
"","Diego Rossi","LAFC","2021","F","$1,000,000","$1,052,000","2021-09-30"
"","Paul Arriola","DCU","2021","M","$1,000,000","$1,050,000","2021-09-30"
"","João Paulo","SEA","2021","M","$1,000,000","$1,050,000","2021-09-30"
"","Brian Rodríguez","LAFC","2021","F","$700,000","$1,039,800","2021-09-30"
"","Bjørn Maars Johnsen","MTL","2021","F","$900,000","$1,036,670","2021-09-30"
"","Nicolas Isimat-Mirin","SKC","2021","D","$950,000","$1,028,120","2021-09-30"
"","Jhonder Cádiz","NSH","2021","F","$855,000","$1,023,800","2021-09-30"
"","Alejandro Bedoya","PHI","2021","M","$810,000","$1,023,330","2021-09-30"
"","Leandro González Pirez","MIA","2021","D","$849,996","$1,010,250","2021-09-30"
"","Kamohelo Mokotjo","CIN","2021","M","$925,000","$1,007,970","2021-09-30"
"","Ilie Sánchez","SKC","2021","M","$1,000,000","$1,000,000","2021-09-30"
"","Walker Zimmerman","NSH","2021","D","$925,000","$981,050","2021-09-30"
"","Bobby Wood","RSL","2021","F","$875,000","$968,161","2021-09-30"
"","Emanuel Reynoso","MIN","2021","M","$750,000","$966,910","2021-09-30"
"","Robin Lod","MIN","2021","M","$849,996","$952,496","2021-09-30"
"","Andrés Ríos","SJE","2021","F","$870,000","$939,250","2021-09-30"
"","Samuel Grandsir","LAG","2021","F","$850,000","$938,427","2021-09-30"
"","Aaron Long","NYRB","2021","D","$895,000","$925,000","2021-09-30"
"","Sebastian Lletget","LAG","2021","M","$800,000","$923,750","2021-09-30"
"","Gadi Kinda","SKC","2021","M","$850,000","$918,000","2021-09-30"
"","Kacper Przybylko","PHI","2021","F","$825,000","$916,250","2021-09-30"
"","Diego Valeri","POR","2021","M","$765,000","$914,875","2021-09-30"
"","Carlos Fierro","SJE","2021","F","$850,000","$908,800","2021-09-30"
"","Jaroslaw Niezgoda","POR","2021","F","$739,500","$908,758","2021-09-30"
"","Felipe Mora","POR","2021","F","$825,000","$905,000","2021-09-30"
"","Francisco Calvo","CHI","2021","D","$830,000","$902,600","2021-09-30"
"","Emerson Hyndman","ATL","2021","M","$900,000","$900,000","2021-09-30"
"","Miguel Nazarit","NSH","2021","D","$700,000","$894,375","2021-09-30"
"","Chris Mavinga","TOR","2021","D","$850,000","$887,500","2021-09-30"
"","Romell Quioto","MTL","2021","F","$800,000","$885,000","2021-09-30"
"","Jan Gregus","MIN","2021","M","$750,000","$883,500","2021-09-30"
"","Cristian Roldan","SEA","2021","M","$760,000","$881,542","2021-09-30"
"","Jonathan Osorio","TOR","2021","M","$850,000","$876,250","2021-09-30"
"","Antônio Carlos","ORL","2021","D","$840,000","$865,000","2021-09-30"
"","Pedro Santos","CLB","2021","M","$817,560","$864,560","2021-09-30"
"","Javier López","SJE","2021","F","$860,000","$860,000","2021-09-30"
"","Rayan Raveloson","LAG","2021","M","$780,000","$855,025","2021-09-30"
"","Rudy Camacho","MTL","2021","D","$800,000","$851,653","2021-09-30"
"","Giancarlo Gonzalez","LAG","2021","D","$850,000","$850,000","2021-09-30"
"","Matt Hedges","FCD","2021","D","$850,000","$850,000","2021-09-30"
"","Facundo Quignón","FCD","2021","M","$786,000","$840,627","2021-09-30"
"","Ignacio Aliseda","CHI","2021","M","$600,000","$821,501","2021-09-30"
"","Derrick Williams","LAG","2021","D","$750,000","$821,458","2021-09-30"
"","Daniel Royer","NYRB","2021","M","$750,000","$818,750","2021-09-30"
"","Brad Guzan","ATL","2021","GK","$805,000","$805,000","2021-09-30"
"","Héber","NYC","2021","F","$785,000","$788,750","2021-09-30"
"","Maxime Chanot","NYC","2021","D","$785,000","$785,000","2021-09-30"
"","Valentín Castellanos","NYC","2021","M","$600,000","$776,000","2021-09-30"
"","Yordy Reyna","DCU","2021","M","$711,500","$774,640","2021-09-30"
"","Aníbal Godoy","NSH","2021","M","$700,000","$771,667","2021-09-30"
"","Alexander Callens","NYC","2021","D","$700,000","$764,000","2021-09-30"
"","Julian Gressel","DCU","2021","M","$705,000","$760,781","2021-09-30"
"","Ronald Matarrita","CIN","2021","D","$700,000","$756,875","2021-09-30"
"","Julián Carranza","MIA","2021","F","$750,000","$750,000","2021-09-30"
"","Wil Trapp","MIN","2021","M","$747,500","$747,500","2021-09-30"
"","Júnior Urso","ORL","2021","M","$700,000","$730,000","2021-09-30"
"","Oswaldo Alanís","SJE","2021","D","$630,000","$730,000","2021-09-30"
"","Sergio Santos","PHI","2021","F","$660,000","$728,500","2021-09-30"
"","Dax McCarty","NSH","2021","M","$725,000","$725,000","2021-09-30"
"","Bakaye Dibassy","MIN","2021","D","$625,000","$718,125","2021-09-30"
"","Danny Hoesen","ATX","2021","F","$650,000","$716,667","2021-09-30"
"","Graham Zusi","SKC","2021","D","$650,000","$713,333","2021-09-30"
"","Steve Birnbaum","DCU","2021","D","$700,000","$712,500","2021-09-30"
"","Bryan Acosta","FCD","2021","M","$650,000","$700,000","2021-09-30"
"","Alexandru Mitrita","NYC","2021","F","$700,000","$700,000","2021-09-30"
"","Romain Métanire","MIN","2021","D","$600,000","$699,250","2021-09-30"
"","Jeremy Ebobisse","SJE","2021","F","$600,000","$691,250","2021-09-30"
"","Miles Robinson","ATL","2021","D","$650,000","$687,500","2021-09-30"
"","José Antonio Martínez","FCD","2021","D","$600,000","$673,000","2021-09-30"
"","Diego Chara","POR","2021","M","$650,000","$668,750","2021-09-30"
"","Kevin Molino","CLB","2021","M","$667,000","$667,000","2021-09-30"
"","Matheus Rossetto","ATL","2021","M","$550,000","$662,500","2021-09-30"
"","Alfredo Morales","NYC","2021","M","$600,000","$662,250","2021-09-30"
"","Justen Glad","RSL","2021","D","$600,000","$660,031","2021-09-30"
"","José Mauri","SKC","2021","M","$660,000","$660,000","2021-09-30"
"","Cristian Arango","LAFC","2021","M","$600,000","$659,000","2021-09-30"
"","Jack Price","COL","2021","M","$600,000","$655,625","2021-09-30"
"","Julian Araujo","LAG","2021","D","$550,000","$653,750","2021-09-30"
"","Djordje Mihailovic","MTL","2021","M","$600,000","$651,875","2021-09-30"
"","Gregore","MIA","2021","M","$550,000","$651,000","2021-09-30"
"","Matt Besler","ATX","2021","D","$650,000","$650,000","2021-09-30"
"","Remi Walter","SKC","2021","M","$650,000","$650,000","2021-09-30"
"","Andre Blake","PHI","2021","GK","$600,000","$650,000","2021-09-30"
"","Michael Barrios","COL","2021","M","$650,000","$650,000","2021-09-30"
"","Anton Tinnerholm","NYC","2021","D","$600,000","$650,000","2021-09-30"
"","Khiry Shelton","SKC","2021","F","$650,000","$650,000","2021-09-30"
"","Nicolas Benezet","SEA","2021","M","$650,000","$650,000","2021-09-30"
"","Boris Sekulic","CHI","2021","D","$571,000","$643,900","2021-09-30"
"","Tomás Pochettino","ATX","2021","M","$582,447","$642,447","2021-09-30"
"","Nathan","SJE","2021","D","$600,000","$641,250","2021-09-30"
"","Jackson Yueill","SJE","2021","M","$600,000","$636,875","2021-09-30"
"","Kenneth Kronholm","CHI","2021","GK","$569,000","$632,000","2021-09-30"
"","Nicolás Figal","MIA","2021","D","$600,000","$630,000","2021-09-30"
"","Diego Rubio","COL","2021","F","$585,000","$629,583","2021-09-30"
"","Haris Medunjanin","CIN","2021","M","$570,000","$625,750","2021-09-30"
"","Nigel Robertha","DCU","2021","F","$550,000","$622,406","2021-09-30"
"","Ismael Tajouri-Shradi","NYC","2021","F","$577,500","$618,985","2021-09-30"
"","Dejan Joveljic","LAG","2021","F","$612,500","$612,500","2021-09-30"
"","Santiago Rodríguez","NYC","2021","M","$612,500","$612,500","2021-09-30"
"","Niko Hämäläinen","LAG","2021","D","$612,500","$612,500","2021-09-30"
"","Efrain Álvarez","LAG","2021","M","$500,000","$612,167","2021-09-30"
"","Pedro Vite","VAN","2021","M","$556,000","$609,997","2021-09-30"
"","Jonathan Menéndez","RSL","2021","M","$500,000","$602,813","2021-09-30"
"","Paxton Pomykal","FCD","2021","M","$600,000","$600,000","2021-09-30"
"","Marcelo Silva","RSL","2021","D","$550,000","$596,667","2021-09-30"
"","Matko Miljevic","MTL","2021","M","$545,455","$593,364","2021-09-30"
"","Jhegson Méndez","ORL","2021","M","$550,000","$586,750","2021-09-30"
"","Bressan","FCD","2021","D","$536,000","$582,340","2021-09-30"
"","Marco Delgado","TOR","2021","M","$500,000","$581,250","2021-09-30"
"","Roberto Puncec","SKC","2021","D","$575,000","$575,000","2021-09-30"
"","Florian Jungwirth","VAN","2021","D","$525,000","$567,667","2021-09-30"
"","Brad Smith","SEA","2021","D","$525,000","$566,250","2021-09-30"
"","Wilfrid Kaptoum","NER","2021","M","$500,000","$557,500","2021-09-30"
"","Robin Jansson","ORL","2021","D","$500,000","$556,250","2021-09-30"
"","Lewis Morgan","MIA","2021","M","$550,000","$553,125","2021-09-30"
"","Jesús Ferreira","FCD","2021","F","$550,000","$550,000","2021-09-30"
"","Francisco Ginella","LAFC","2021","M","$425,000","$547,250","2021-09-30"
"","Yamil Asad","DCU","2021","M","$475,000","$542,667","2021-09-30"
"","Dario Zuparic","POR","2021","D","$525,000","$541,667","2021-09-30"
"","Leonardo Chú","SEA","2021","M","$540,000","$540,000","2021-09-30"
"","Caio Alexandre","VAN","2021","M","$500,000","$539,583","2021-09-30"
"","Artur","CLB","2021","M","$480,000","$531,633","2021-09-30"
"","Kim Moon-Hwan","LAFC","2021","D","$500,000","$524,000","2021-09-30"
"","Kai Wagner","PHI","2021","D","$450,000","$521,000","2021-09-30"
"","Dru Yearwood","NYRB","2021","M","$475,000","$519,750","2021-09-30"
"","Marko Maric","HOU","2021","GK","$465,000","$513,250","2021-09-30"
"","Carlos Coronel","NYRB","2021","GK","$462,996","$512,656","2021-09-30"
"","Sean Johnson","NYC","2021","GK","$510,000","$510,000","2021-09-30"
"","Erik López","ATL","2021","F","$340,000","$508,300","2021-09-30"
"","Alan Franco","ATL","2021","D","$378,000","$505,500","2021-09-30"
"","Tim Melia","SKC","2021","GK","$500,000","$504,167","2021-09-30"
"","Santiago Sosa","ATL","2021","M","$385,000","$503,100","2021-09-30"
"","Jonathan Bond","LAG","2021","GK","$450,000","$501,875","2021-09-30"
"","Ilsinho","PHI","2021","M","$450,000","$501,250","2021-09-30"
"","Xavier Arreaga","SEA","2021","D","$393,600","$500,850","2021-09-30"
"","Roger Espinoza","SKC","2021","M","$500,000","$500,000","2021-09-30"
"","Bill Hamid","DCU","2021","GK","$500,000","$500,000","2021-09-30"
"","Russell Canouse","DCU","2021","M","$500,000","$500,000","2021-09-30"
"","Fafa Picault","HOU","2021","F","$500,000","$500,000","2021-09-30"
"","Justin Meram","RSL","2021","M","$500,000","$500,000","2021-09-30"
"","Andy Polo","POR","2021","M","$500,000","$500,000","2021-09-30"
"","Moussa Djitté","ATX","2021","F","$500,000","$500,000","2021-09-30"
"","Stefan Frei","SEA","2021","GK","$500,000","$500,000","2021-09-30"
"","Ahmed Hamdi","MTL","2021","M","$400,000","$497,500","2021-09-30"
"","Christian Mafla","NER","2021","D","$400,000","$495,000","2021-09-30"
"","Vito Wormgoor","CLB","2021","D","$415,000","$492,875","2021-09-30"
"","Johan Kappelhof","CHI","2021","D","$462,500","$490,333","2021-09-30"
"","Andrés Ricaurte","FCD","2021","M","$450,000","$487,178","2021-09-30"
"","Jorge Villafaña","LAG","2021","D","$450,000","$486,667","2021-09-30"
"","Anderson Julio","RSL","2021","F","$402,000","$485,875","2021-09-30"
"","Alex Bono","TOR","2021","GK","$450,000","$482,000","2021-09-30"
"","Eloy Room","CLB","2021","GK","$425,004","$479,698","2021-09-30"
"","Rándall Leal","NSH","2021","F","$420,000","$477,750","2021-09-30"
"","Bradley Wright-Phillips","CLB","2021","F","$410,000","$475,750","2021-09-30"
"","Oriol Rosell","ORL","2021","M","$475,000","$475,000","2021-09-30"
"","Adalberto Carrasquilla","HOU","2021","M","$418,908","$469,132","2021-09-30"
"","Toni Datkovic","RSL","2021","D","$420,000","$468,175","2021-09-30"
"","Jesús David Murillo","LAFC","2021","D","$400,000","$459,500","2021-09-30"
"","Will Bruin","SEA","2021","F","$450,000","$458,333","2021-09-30"
"","Dániel Sallói","SKC","2021","F","$400,000","$456,667","2021-09-30"
"","Diego Palacios","LAFC","2021","D","$432,000","$456,000","2021-09-30"
"","Samuel Piette","MTL","2021","M","$425,000","$454,750","2021-09-30"
"","Eric Remedi","SJE","2021","M","$450,000","$450,000","2021-09-30"
"","Franco Escobar","ATL","2021","D","$450,000","$450,000","2021-09-30"
"","Larrys Mabiala","POR","2021","D","$450,000","$450,000","2021-09-30"
"","Ethan Finlay","MIN","2021","M","$450,000","$450,000","2021-09-30"
"","Erik Godoy","VAN","2021","D","$450,000","$450,000","2021-09-30"
"","Pablo Ruiz","RSL","2021","M","$375,000","$448,500","2021-09-30"
"","Jakob Glesnes","PHI","2021","D","$425,000","$448,125","2021-09-30"
"","Cristian Dájome","VAN","2021","F","$400,000","$447,917","2021-09-30"
"","Ranko Veselinovic","VAN","2021","D","$360,000","$445,500","2021-09-30"
"","Jáder Obrian","FCD","2021","F","$360,000","$444,600","2021-09-30"
"","Andrés Reyes","NYRB","2021","D","$400,000","$444,375","2021-09-30"
"","Víctor Vázquez","LAG","2021","M","$400,000","$439,167","2021-09-30"
"","Evan Bush","CLB","2021","GK","$376,000","$438,667","2021-09-30"
"","Maikel van der Werff","CIN","2021","D","$350,000","$435,167","2021-09-30"
"","Jonathan Lewis","COL","2021","F","$410,000","$435,000","2021-09-30"
"","Steven Moreira","CLB","2021","D","$350,000","$432,708","2021-09-30"
"","Thomás Chacón","MIN","2021","M","$420,000","$432,000","2021-09-30"
"","Auston Trusty","COL","2021","D","$375,000","$431,250","2021-09-30"
"","C.J. Sapong","NSH","2021","F","$400,000","$427,778","2021-09-30"
"","Stuart Findlay","PHI","2021","D","$425,000","$425,000","2021-09-30"
"","Michael Boxall","MIN","2021","D","$384,000","$422,400","2021-09-30"
"","Tyler Miller","MIN","2021","GK","$400,000","$420,937","2021-09-30"
"","Ola Kamara","DCU","2021","F","$400,000","$420,000","2021-09-30"
"","Jhohan Romaña","ATX","2021","D","$420,000","$420,000","2021-09-30"
"","Andrew Farrell","NER","2021","D","$400,000","$418,750","2021-09-30"
"","Daniel Lovitz","NSH","2021","D","$385,000","$415,556","2021-09-30"
"","Arnór Ingvi Traustason","NER","2021","M","$375,000","$413,405","2021-09-30"
"","Lucas Esteves","COL","2021","D","$369,996","$412,467","2021-09-30"
"","José Cifuentes","LAFC","2021","M","$367,875","$411,750","2021-09-30"
"","Pedro Gallese","ORL","2021","GK","$410,000","$410,000","2021-09-30"
"","Thomas Edwards","NYRB","2021","D","$409,911","$409,911","2021-09-30"
"","Jamal Blackman","LAFC","2021","GK","$360,000","$409,333","2021-09-30"
"","Alexandru Matan","CLB","2021","M","$375,000","$408,250","2021-09-30"
"","Milton Valenzuela","CLB","2021","D","$375,000","$406,300","2021-09-30"
"","Sean Davis","NYRB","2021","M","$375,000","$402,500","2021-09-30"
"","Fabio","NYRB","2021","F","$380,000","$401,400","2021-09-30"
"","Jeizon Ramírez","RSL","2021","M","$360,000","$401,250","2021-09-30"
"","Leonard Owusu","VAN","2021","M","$350,000","$401,250","2021-09-30"
"","Cory Burke","PHI","2021","F","$350,000","$400,770","2021-09-30"
"","Marcelino Moreno","ATL","2021","F","$400,000","$400,000","2021-09-30"
"","Chris Wondolowski","SJE","2021","F","$390,000","$400,000","2021-09-30"
"","Diego Fagundez","ATX","2021","M","$400,000","$400,000","2021-09-30"
"","Gudmundur Thórarinsson","NYC","2021","D","$400,000","$400,000","2021-09-30"
"","Tyler Blackett","CIN","2021","D","$398,400","$398,400","2021-09-30"
"","Youba Diarra","NYRB","2021","M","$337,000","$398,046","2021-09-30"
"","Corey Baird","HOU","2021","F","$365,000","$396,031","2021-09-30"
"","Luciano Abecasis","SJE","2021","D","$380,000","$394,000","2021-09-30"
"","Daniel Steres","LAG","2021","D","$375,000","$393,750","2021-09-30"
"","Teal Bunbury","NER","2021","M","$375,000","$391,667","2021-09-30"
"","Geoff Cameron","CIN","2021","D","$336,000","$389,667","2021-09-30"
"","Auro","TOR","2021","D","$360,000","$388,750","2021-09-30"
"","Janio Bikel","VAN","2021","M","$350,000","$388,750","2021-09-30"
"","Russell Teibert","VAN","2021","M","$350,000","$387,500","2021-09-30"
"","Yeimar Gómez Andrade","SEA","2021","D","$300,000","$387,000","2021-09-30"
"","Jason Pendant","NYRB","2021","D","$325,000","$385,750","2021-09-30"
"","Rodney Redes","ATX","2021","F","$385,000","$385,000","2021-09-30"
"","Luis Díaz","CLB","2021","M","$350,004","$383,904","2021-09-30"
"","Lassi Lappalainen","MTL","2021","M","$383,657","$383,657","2021-09-30"
"","Nicolás Mezquida","COL","2021","M","$350,000","$380,000","2021-09-30"
"","Latif Blessing","LAFC","2021","M","$360,000","$376,667","2021-09-30"
"","William Yarbrough","COL","2021","GK","$300,000","$375,000","2021-09-30"
"","Brooks Lennon","ATL","2021","D","$375,000","$375,000","2021-09-30"
"","Matt Turner","NER","2021","GK","$375,000","$375,000","2021-09-30"
"","Luka Stojanovic","CHI","2021","M","$314,000","$373,400","2021-09-30"
"","Adam Lundkvist","HOU","2021","D","$325,000","$372,500","2021-09-30"
"","Marcos López","SJE","2021","D","$330,000","$370,250","2021-09-30"
"","Franco Ibarra","ATL","2021","D","$300,000","$370,000","2021-09-30"
"","Judson","SJE","2021","M","$360,000","$365,000","2021-09-30"
"","Harrison Afful","CLB","2021","D","$335,000","$365,000","2021-09-30"
"","David Jensen","NYRB","2021","GK","$324,996","$364,631","2021-09-30"
"","Matías Vera","HOU","2021","M","$350,000","$356,250","2021-09-30"
"","Mathias Jørgensen","NYRB","2021","F","$325,000","$356,250","2021-09-30"
"","Keaton Parks","NYC","2021","M","$350,000","$350,000","2021-09-30"
"","Nick Lima","ATX","2021","D","$350,000","$350,000","2021-09-30"
"","Luis Caicedo","NER","2021","M","$350,000","$350,000","2021-09-30"
"","Rodrigo Piñeiro","NSH","2021","F","$250,000","$347,500","2021-09-30"
"","Ryan Hollingshead","FCD","2021","D","$346,500","$346,500","2021-09-30"
"","Aaron Herrera","RSL","2021","D","$315,000","$343,794","2021-09-30"
"","Szabolcs Schon","FCD","2021","F","$300,000","$341,800","2021-09-30"
"","Kemar Lawrence","TOR","2021","D","$258,000","$340,500","2021-09-30"
"","Luis Martins","SKC","2021","D","$340,000","$340,000","2021-09-30"
"","Jack Elliott","PHI","2021","D","$325,000","$340,000","2021-09-30"
"","Sega Coulibaly","LAG","2021","D","$300,000","$337,000","2021-09-30"
"","Daniel Gazdag","PHI","2021","M","$300,000","$336,250","2021-09-30"
"","Stanislav Ivanov","CHI","2021","M","$275,000","$334,000","2021-09-30"
"","Erickson Gallardo","TOR","2021","M","$300,000","$331,913","2021-09-30"
"","Déiber Caicedo","VAN","2021","M","$300,000","$331,125","2021-09-30"
"","Matt Polster","NER","2021","D","$300,000","$328,438","2021-09-30"
"","Silvester van der Water","ORL","2021","F","$300,000","$325,750","2021-09-30"
"","Mateo Bajamich","HOU","2021","F","$264,000","$324,069","2021-09-30"
"","Claudio Bravo","POR","2021","D","$300,000","$323,310","2021-09-30"
"","Jonathan Bornstein","CHI","2021","D","$300,000","$323,200","2021-09-30"
"","Osvaldo Alonso","MIN","2021","M","$300,000","$322,000","2021-09-30"
"","Julio Cascante","ATX","2021","D","$290,000","$317,500","2021-09-30"
"","Joe Willis","NSH","2021","GK","$300,000","$316,250","2021-09-30"
"","Frédéric Brillant","DCU","2021","D","$300,000","$315,000","2021-09-30"
"","Jake Mulraney","ATL","2021","M","$275,600","$312,777","2021-09-30"
"","Mandela Egbo","NYRB","2021","D","$276,000","$310,700","2021-09-30"
"","Ryan Shawcross","MIA","2021","D","$300,000","$307,500","2021-09-30"
"","Jukka Raitala","MIN","2021","D","$285,000","$306,350","2021-09-30"
"","Andrew Gutman","NYRB","2021","D","$275,000","$306,250","2021-09-30"
"","Dominique Badji","COL","2021","F","$300,000","$306,250","2021-09-30"
"","Josh Williams","CLB","2021","D","$300,000","$302,500","2021-09-30"
"","Perry Kitchen","CLB","2021","M","$275,000","$301,667","2021-09-30"
"","Álvaro Barreal","CIN","2021","F","$300,000","$300,000","2021-09-30"
"","Keegan Rosenberry","COL","2021","D","$285,000","$298,750","2021-09-30"
"","Kelvin Leerdam","MIA","2021","D","$180,000","$297,625","2021-09-30"
"","Santiago Moreno","POR","2021","F","$250,000","$294,576","2021-09-30"
"","Ibrahim Sunusi","MTL","2021","F","$200,000","$291,250","2021-09-30"
"","Memo Rodríguez","HOU","2021","M","$265,000","$290,935","2021-09-30"
"","Joe Corona","HOU","2021","M","$275,000","$290,000","2021-09-30"
"","Tesho Akindele","ORL","2021","F","$275,000","$290,000","2021-09-30"
"","Danny Wilson","COL","2021","D","$275,000","$288,750","2021-09-30"
"","Quentin Westberg","TOR","2021","GK","$275,000","$288,583","2021-09-30"
"","Gustavo Vallecilla","CIN","2021","D","$252,000","$284,880","2021-09-30"
"","Matej Oravec","PHI","2021","M","$270,000","$284,500","2021-09-30"
"","Cristhian Paredes","POR","2021","M","$252,000","$283,500","2021-09-30"
"","Andrew Tarbell","ATX","2021","GK","$275,000","$283,333","2021-09-30"
"","Emmanuel Más","ORL","2021","D","$252,000","$282,000","2021-09-30"
"","Shea Salinas","SJE","2021","F","$280,000","$280,000","2021-09-30"
"","Zarek Valentin","HOU","2021","D","$250,000","$280,000","2021-09-30"
"","Brandon Vázquez","CIN","2021","F","$250,000","$279,167","2021-09-30"
"","Malte Amundsen","NYC","2021","D","$240,000","$278,700","2021-09-30"
"","Joevin Jones","MIA","2021","D","$180,000","$278,100","2021-09-30"
"","Dairon Asprilla","POR","2021","M","$275,000","$277,500","2021-09-30"
"","Maxime Crépeau","VAN","2021","GK","$250,000","$277,500","2021-09-30"
"","Ballou Tabla","MTL","2021","M","$250,000","$276,250","2021-09-30"
"","Anton Walkes","ATL","2021","D","$250,000","$275,062","2021-09-30"
"","Brendan Hines-Ike","DCU","2021","D","$240,000","$274,429","2021-09-30"
"","Isaac Atanga","CIN","2021","F","$259,000","$273,000","2021-09-30"
"","Joe Gyau","CIN","2021","D","$273,000","$273,000","2021-09-30"
"","Alexandre Pato","ORL","2021","F","$272,727","$272,727","2021-09-30"
"","Brandon Servania","FCD","2021","M","$230,400","$271,400","2021-09-30"
"","Ricardo Pepi","FCD","2021","F","$200,000","$271,333","2021-09-30"
"","Jake Nerwinski","VAN","2021","D","$255,000","$270,000","2021-09-30"
"","Ryan Meara","NYRB","2021","GK","$270,000","$270,000","2021-09-30"
"","Przemyslaw Tyton","CIN","2021","GK","$262,500","$269,375","2021-09-30"
"","Ulises Segura","ATX","2021","M","$240,000","$269,125","2021-09-30"
"","Jimmy Maurer","FCD","2021","GK","$250,000","$267,888","2021-09-30"
"","Matheus Aias","ORL","2021","F","$252,000","$267,500","2021-09-30"
"","Tommy Thompson","SJE","2021","D","$265,000","$265,000","2021-09-30"
"","Nick DeLeon","TOR","2021","D","$247,500","$263,242","2021-09-30"
"","Nick Marsman","MIA","2021","GK","$150,000","$262,188","2021-09-30"
"","Federico Navarro","CHI","2021","M","$180,000","$257,500","2021-09-30"
"","Davó","PHI","2021","M","$240,000","$253,000","2021-09-30"
"","Braian Galván","COL","2021","F","$160,000","$252,375","2021-09-30"
"","José Andrés Martínez","PHI","2021","M","$225,000","$251,250","2021-09-30"
"","Fabian Herbers","CHI","2021","M","$230,000","$251,250","2021-09-30"
"","Cameron Harper","NYRB","2021","M","$200,000","$251,250","2021-09-30"
"","A.J. DeLaGarza","NER","2021","D","$250,000","$250,000","2021-09-30"
"","Héctor Jiménez","ATX","2021","D","$250,000","$250,000","2021-09-30"
"","Steve Clark","POR","2021","GK","$250,000","$250,000","2021-09-30"
"","Ronald Hernández","ATL","2021","D","$250,000","$250,000","2021-09-30"
"","José Bizama","HOU","2021","D","$225,000","$250,000","2021-09-30"
"","Ben Sweat","ATX","2021","D","$250,000","$250,000","2021-09-30"
"","Joaquín Torres","MTL","2021","M","$200,000","$249,800","2021-09-30"
"","Cristian Cásseres Jr","NYRB","2021","M","$205,000","$249,000","2021-09-30"
"","Patrick Mullins","TOR","2021","F","$234,996","$248,329","2021-09-30"
"","Sacha Kljestan","LAG","2021","M","$247,350","$247,350","2021-09-30"
"","Mark-Anthony Kaye","COL","2021","M","$235,625","$247,188","2021-09-30"
"","Lalas Abubakar","COL","2021","D","$210,000","$247,125","2021-09-30"
"","Ema Twumasi","FCD","2021","F","$200,000","$246,900","2021-09-30"
"","Alex Muyl","NSH","2021","M","$240,000","$246,563","2021-09-30"
"","Erik Hurtado","CLB","2021","F","$218,182","$245,682","2021-09-30"
"","Darwin Cerén","HOU","2021","M","$195,500","$245,500","2021-09-30"
"","Lucas Monzón","NYRB","2021","D","$205,000","$243,917","2021-09-30"
"","George Fochive","POR","2021","M","$240,000","$240,000","2021-09-30"
"","Jasser Khmiri","VAN","2021","D","$240,000","$240,000","2021-09-30"
"","Alexander Alvarado","ORL","2021","F","$220,000","$238,240","2021-09-30"
"","Abu Danladi","NSH","2021","F","$180,000","$237,000","2021-09-30"
"","Eryk Williamson","POR","2021","M","$220,000","$236,500","2021-09-30"
"","Aljaz Ivacic","POR","2021","GK","$225,000","$235,000","2021-09-30"
"","Bill Tuiloma","POR","2021","D","$220,000","$234,125","2021-09-30"
"","Bruno Gaspar","VAN","2021","D","$200,000","$233,333","2021-09-30"
"","Mason Toye","MTL","2021","F","$175,000","$233,000","2021-09-30"
"","Ariel Lassiter","HOU","2021","F","$210,000","$230,280","2021-09-30"
"","Waylon Francis","CLB","2021","D","$220,000","$230,000","2021-09-30"
"","Richie Laryea","TOR","2021","M","$200,000","$226,953","2021-09-30"
"","Dave Romney","NSH","2021","D","$225,000","$225,000","2021-09-30"
"","Tommy McNamara","NER","2021","M","$225,000","$225,000","2021-09-30"
"","Zan Kolmanic","ATX","2021","D","$225,000","$225,000","2021-09-30"
"","Daniel Vega","SJE","2021","GK","$220,000","$225,000","2021-09-30"
"","Eddie Segura","LAFC","2021","D","$200,000","$224,000","2021-09-30"
"","Leon Flach","PHI","2021","M","$210,000","$223,750","2021-09-30"
"","João Moutinho","ORL","2021","D","$180,000","$223,000","2021-09-30"
"","Victor Ulloa","MIA","2021","M","$220,000","$220,000","2021-09-30"
"","Alejandro Fuenmayor","HOU","2021","D","$190,008","$217,508","2021-09-30"
"","Brian White","VAN","2021","F","$216,000","$216,000","2021-09-30"
"","Scott Caldwell","NER","2021","M","$205,000","$215,896","2021-09-30"
"","Juan Agudelo","MIN","2021","F","$200,000","$212,500","2021-09-30"
"","Aaron Schoenfeld","ATX","2021","F","$210,000","$210,000","2021-09-30"
"","Caleb Stanko","CIN","2021","M","$210,000","$210,000","2021-09-30"
"","Christopher Gloster","NYC","2021","D","$197,000","$207,000","2021-09-30"
"","Carlos Terán","CHI","2021","D","$150,000","$205,440","2021-09-30"
"","Donny Toia","RSL","2021","D","$200,000","$205,000","2021-09-30"
"","Zachary Brault-Guillard","MTL","2021","D","$170,000","$203,625","2021-09-30"
"","Clint Irwin","COL","2021","GK","$190,000","$203,300","2021-09-30"
"","Tristan Blackmon","LAFC","2021","D","$193,000","$203,000","2021-09-30"
"","Joe Bendik","PHI","2021","GK","$200,000","$200,000","2021-09-30"
"","Emmanuel Boateng","NER","2021","M","$200,000","$200,000","2021-09-30"
"","Jalil Anibaba","NSH","2021","D","$200,000","$200,000","2021-09-30"
"","James Sands","NYC","2021","D","$150,000","$200,000","2021-09-30"
"","Zac MacMath","RSL","2021","GK","$200,000","$200,000","2021-09-30"
"","Thiago","NYC","2021","F","$180,000","$199,600","2021-09-30"
"","Mauricio Pineda","CHI","2021","D","$175,000","$198,875","2021-09-30"
"","Joseph Mora","DCU","2021","D","$184,000","$198,600","2021-09-30"
"","Miguel Ángel Navarro","CHI","2021","D","$150,000","$197,000","2021-09-30"
"","Jordy Delem","SEA","2021","M","$175,000","$194,000","2021-09-30"
"","Júnior Moreno","DCU","2021","M","$184,000","$193,550","2021-09-30"
"","Ruan","ORL","2021","D","$190,000","$190,000","2021-09-30"
"","Jimmy Medranda","SEA","2021","M","$180,000","$190,000","2021-09-30"
"","Marco Farfan","LAFC","2021","D","$190,000","$190,000","2021-09-30"
"","Jhon Espinoza","CHI","2021","D","$162,000","$188,500","2021-09-30"
"","Andrés Perea","ORL","2021","M","$180,000","$188,500","2021-09-30"
"","Eric Calvillo","SJE","2021","M","$170,000","$188,000","2021-09-30"
"","Frankie Amaya","NYRB","2021","M","$150,000","$187,000","2021-09-30"
"","Freddy Vargas","FCD","2021","M","$160,000","$186,000","2021-09-30"
"","Nick Hagglund","CIN","2021","D","$175,000","$184,375","2021-09-30"
"","Derrick Jones","HOU","2021","M","$160,000","$182,969","2021-09-30"
"","Nnamdi Chinonso Offor","CHI","2021","F","$132,000","$181,400","2021-09-30"
"","Jay Chapman","MIA","2021","M","$167,500","$180,333","2021-09-30"
"","Kelyn Rowe","SEA","2021","M","$180,000","$180,000","2021-09-30"
"","Brandon Bye","NER","2021","D","$170,000","$178,875","2021-09-30"
"","Gilbert Fuentes","SJE","2021","M","$160,000","$178,750","2021-09-30"
"","Sebastien Ibeagha","LAFC","2021","D","$150,000","$177,125","2021-09-30"
"","JT Marcinkowski","SJE","2021","GK","$165,000","$177,000","2021-09-30"
"","Phelipe","FCD","2021","GK","$150,000","$176,250","2021-09-30"
"","Christian Makoun","MIA","2021","D","$175,000","$175,000","2021-09-30"
"","Róbert Orri Thorkelsson","MTL","2021","D","$150,000","$173,500","2021-09-30"
"","Erik Sorga","DCU","2021","F","$150,000","$173,000","2021-09-30"
"","Robbie Robinson","MIA","2021","F","$125,000","$170,000","2021-09-30"
"","Jacori Hayes","MIN","2021","M","$160,000","$169,833","2021-09-30"
"","Nouhou Tolo","SEA","2021","D","$125,000","$169,274","2021-09-30"
"","Cristián Gutiérrez","VAN","2021","D","$150,000","$167,500","2021-09-30"
"","Nick Besler","RSL","2021","M","$167,500","$167,500","2021-09-30"
"","Mustafa Kizza","MTL","2021","D","$150,000","$166,800","2021-09-30"
"","Steven Beitashour","COL","2021","D","$150,000","$165,000","2021-09-30"
"","Drew Moor","COL","2021","D","$150,000","$165,000","2021-09-30"
"","Tosaint Ricketts","VAN","2021","F","$160,000","$165,000","2021-09-30"
"","Thomas Roberts","FCD","2021","M","$150,000","$163,000","2021-09-30"
"","Daniel Ríos","NSH","2021","F","$140,000","$161,500","2021-09-30"
"","Chris Seitz","DCU","2021","GK","$160,000","$160,000","2021-09-30"
"","Brad Stuver","ATX","2021","GK","$150,000","$160,000","2021-09-30"
"","Brent Kallman","MIN","2021","D","$150,000","$158,125","2021-09-30"
"","Tyler Pasher","HOU","2021","F","$150,000","$157,881","2021-09-30"
"","Maynor Figueroa","HOU","2021","D","$150,000","$157,688","2021-09-30"
"","Ayo Akinola","TOR","2021","F","$89,513","$157,513","2021-09-30"
"","Andrew Putna","RSL","2021","GK","$140,000","$153,458","2021-09-30"
"","Rubio Rubín","RSL","2021","F","$135,000","$152,067","2021-09-30"
"","Nicolás Acevedo","NYC","2021","D","$135,000","$151,000","2021-09-30"
"","Pablo Sisniega","LAFC","2021","GK","$150,000","$150,000","2021-09-30"
"","Felipe","DCU","2021","M","$150,000","$150,000","2021-09-30"
"","Jack Maher","NSH","2021","D","$115,000","$149,000","2021-09-30"
"","Oniel Fisher","LAG","2021","D","$140,000","$147,625","2021-09-30"
"","Aidan Morris","CLB","2021","M","$145,000","$147,000","2021-09-30"
"","Eric Miller","NSH","2021","D","$147,000","$147,000","2021-09-30"
"","Jonathan Perez","LAG","2021","M","$125,000","$146,750","2021-09-30"
"","Brad Knighton","NER","2021","GK","$140,000","$146,750","2021-09-30"
"","James Pantemis","MTL","2021","GK","$130,000","$145,833","2021-09-30"
"","Caden Clark","NYRB","2021","M","$106,773","$143,973","2021-09-30"
"","Franco Fragapane","MIN","2021","M","$135,000","$142,500","2021-09-30"
"","Mohammed Adams","ATL","2021","M","$121,000","$141,000","2021-09-30"
"","Chris Odoi-Atsem","DCU","2021","D","$130,000","$141,000","2021-09-30"
"","Kortne Ford","COL","2021","D","$140,000","$140,000","2021-09-30"
"","George Bello","ATL","2021","D","$135,000","$139,000","2021-09-30"
"","Chris Mueller","ORL","2021","M","$123,715","$137,465","2021-09-30"
"","John McCarthy","MIA","2021","GK","$130,000","$136,583","2021-09-30"
"","Jack De Vries","PHI","2021","M","$120,000","$135,556","2021-09-30"
"","Amadou Dia","SKC","2021","D","$135,000","$135,000","2021-09-30"
"","Danilo Acosta","LAG","2021","D","$135,000","$135,000","2021-09-30"
"","Brek Shea","MIA","2021","M","$135,000","$135,000","2021-09-30"
"","Saad Abdul-Salaam","CLB","2021","D","$125,000","$133,667","2021-09-30"
"","Ethan Zubak","LAG","2021","F","$130,000","$133,125","2021-09-30"
"","Ashtone Morgan","RSL","2021","D","$132,000","$132,000","2021-09-30"
"","Andy Rose","VAN","2021","M","$132,000","$132,000","2021-09-30"
"","Cade Cowell","SJE","2021","F","$120,000","$130,000","2021-09-30"
"","Andre Shinyashiki","COL","2021","F","$120,000","$130,000","2021-09-30"
"","Omir Fernandez","NYRB","2021","M","$115,000","$130,000","2021-09-30"
"","Emanuel Maciel","MTL","2021","M","$118,182","$129,811","2021-09-30"
"","Niko Hansen","MIN","2021","M","$110,004","$129,004","2021-09-30"
"","Griffin Dorsey","HOU","2021","D","$110,000","$129,000","2021-09-30"
"","Daryl Dike","ORL","2021","F","$100,000","$128,750","2021-09-30"
"","Kieran Gibbs","MIA","2021","D","$120,000","$128,167","2021-09-30"
"","Grant Lillard","CLB","2021","D","$125,000","$127,500","2021-09-30"
"","Rodrigo Schlegel","ORL","2021","D","$120,000","$127,425","2021-09-30"
"","Derek Cornelius","VAN","2021","D","$127,050","$127,050","2021-09-30"
"","Edgar Castillo","CIN","2021","D","$121,000","$127,019","2021-09-30"
"","Donovan Pines","DCU","2021","D","$125,000","$127,000","2021-09-30"
"","Bobby Shuttleworth","CHI","2021","GK","$110,000","$125,750","2021-09-30"
"","Justin Morrow","TOR","2021","D","$125,000","$125,000","2021-09-30"
"","Derrick Etienne","CLB","2021","M","$125,000","$125,000","2021-09-30"
"","Dylan Nealis","NSH","2021","D","$100,000","$125,000","2021-09-30"
"","Ventura Alvarado","MIA","2021","D","$81,375","$124,708","2021-09-30"
"","John Nelson","FCD","2021","D","$115,000","$123,000","2021-09-30"
"","Kwadwo Opoku","LAFC","2021","F","$81,375","$122,430","2021-09-30"
"","Sebastian Berhalter","ATX","2021","M","$85,000","$122,250","2021-09-30"
"","Milan Iloski","RSL","2021","F","$120,000","$121,500","2021-09-30"
"","Brady Scott","ATX","2021","GK","$115,000","$121,236","2021-09-30"
"","Tajon Buchanan","NER","2021","F","$110,000","$121,000","2021-09-30"
"","Drake Callender","MIA","2021","GK","$120,000","$120,000","2021-09-30"
"","Cole Bassett","COL","2021","M","$110,000","$119,000","2021-09-30"
"","Kyle Smith","ORL","2021","D","$105,996","$118,660","2021-09-30"
"","Cameron Dunbar","LAG","2021","F","$100,000","$116,750","2021-09-30"
"","Jacob Shaffelburg","TOR","2021","M","$110,000","$116,500","2021-09-30"
"","Griffin Yow","DCU","2021","F","$110,000","$116,118","2021-09-30"
"","Benji Michel","ORL","2021","F","$109,250","$115,553","2021-09-30"
"","Eriq Zavaleta","TOR","2021","D","$81,375","$115,503","2021-09-30"
"","Matt Freese","PHI","2021","GK","$96,750","$115,500","2021-09-30"
"","Alec Kann","ATL","2021","GK","$115,000","$115,000","2021-09-30"
"","Shane O'Neill","SEA","2021","D","$115,000","$115,000","2021-09-30"
"","Henry Kessler","NER","2021","D","$95,000","$115,000","2021-09-30"
"","Tayvon Gray","NYC","2021","D","$95,000","$114,788","2021-09-30"
"","Mathieu Choinière","MTL","2021","M","$105,000","$114,238","2021-09-30"
"","Jeff Attinella","POR","2021","GK","$108,000","$114,125","2021-09-30"
"","Dante Sealy","FCD","2021","F","$100,000","$113,400","2021-09-30"
"","Noble Okello","TOR","2021","M","$100,000","$111,815","2021-09-30"
"","Jordan Harvey","LAFC","2021","D","$110,000","$110,000","2021-09-30"
"","Justin Rennicks","NER","2021","F","$100,000","$110,000","2021-09-30"
"","Tanner Beason","SJE","2021","D","$90,000","$110,000","2021-09-30"
"","Aboubacar Keita","CLB","2021","D","$110,000","$110,000","2021-09-30"
"","Edwin Cerrillo","FCD","2021","M","$95,000","$110,000","2021-09-30"
"","Anthony Fontana","PHI","2021","M","$100,008","$108,426","2021-09-30"
"","Kevin Paredes","DCU","2021","M","$100,000","$108,000","2021-09-30"
"","Jacob Akanyirige","SJE","2021","D","$105,000","$107,000","2021-09-30"
"","Jahkeele Marshall-Rutty","TOR","2021","F","$100,000","$106,842","2021-09-30"
"","Jayden Nelson","TOR","2021","F","$100,000","$106,586","2021-09-30"
"","Matt Bersano","SJE","2021","GK","$106,375","$106,375","2021-09-30"
"","Tsubasa Endoh","TOR","2021","M","$100,000","$105,333","2021-09-30"
"","José Van Rankin","POR","2021","D","$105,255","$105,255","2021-09-30"
"","Evan Newton","VAN","2021","GK","$95,000","$104,802","2021-09-30"
"","Gabriel Slonina","CHI","2021","GK","$100,000","$104,800","2021-09-30"
"","Juan Pablo Torres","NYC","2021","M","$90,000","$104,500","2021-09-30"
"","Kenneth Vermeer","CIN","2021","GK","$81,375","$104,375","2021-09-30"
"","Siad Haji","SJE","2021","F","$95,000","$104,000","2021-09-30"
"","Matthew Hundley","COL","2021","F","$95,000","$104,000","2021-09-30"
"","Ryan Raposo","VAN","2021","M","$90,000","$104,000","2021-09-30"
"","Marcus Ferkranus","LAG","2021","D","$90,000","$103,625","2021-09-30"
"","Jalen Neal","LAG","2021","D","$90,000","$103,625","2021-09-30"
"","David Loera","ORL","2021","M","$100,000","$102,500","2021-09-30"
"","Elliot Collier","CHI","2021","M","$101,375","$101,375","2021-09-30"
"","Danny Leyva","SEA","2021","M","$81,375","$100,798","2021-09-30"
"","Andy Najar","DCU","2021","D","$90,000","$100,000","2021-09-30"
"","DeJuan Jones","NER","2021","D","$95,000","$99,938","2021-09-30"
"","Daniel Pereira Gil","ATX","2021","M","$81,375","$99,793","2021-09-30"
"","Dayne St. Clair","MIN","2021","GK","$95,000","$99,520","2021-09-30"
"","Tyler Freeman","SKC","2021","F","$95,000","$97,500","2021-09-30"
"","Florian Valot","CIN","2021","M","$93,581","$97,498","2021-09-30"
"","Issiar Dramé","NYRB","2021","D","$81,375","$97,158","2021-09-30"
"","Jesús Bueno","PHI","2021","M","$81,375","$96,753","2021-09-30"
"","Raheem Edwards","LAFC","2021","D","$96,375","$96,375","2021-09-30"
"","Kendall McIntosh","SKC","2021","GK","$96,375","$96,375","2021-09-30"
"","Stefan Cleveland","SEA","2021","GK","$96,375","$96,375","2021-09-30"
"","Calvin Harris","CIN","2021","F","$81,375","$96,375","2021-09-30"
"","Zackery Farnsworth","RSL","2021","D","$81,375","$96,125","2021-09-30"
"","Alfonso Ocampo-Chavez","SEA","2021","F","$81,375","$95,875","2021-09-30"
"","Michael Halliday","ORL","2021","D","$85,444","$95,089","2021-09-30"
"","Jaylin Lindsey","SKC","2021","D","$91,547","$94,547","2021-09-30"
"","Tom Barlow","NYRB","2021","F","$81,375","$94,526","2021-09-30"
"","Liam Fraser","CLB","2021","M","$89,513","$94,513","2021-09-30"
"","Phillip Mayaka","COL","2021","M","$81,375","$94,375","2021-09-30"
"","Mamadou Fall","LAFC","2021","D","$81,375","$94,125","2021-09-30"
"","Zorhan Ludovic Bassong","MTL","2021","D","$81,375","$93,875","2021-09-30"
"","Kyle Duncan","NYRB","2021","D","$93,581","$93,581","2021-09-30"
"","Alex Roldan","SEA","2021","M","$93,581","$93,581","2021-09-30"
"","Kyle Scott","CIN","2021","M","$81,375","$92,458","2021-09-30"
"","Erik Duenas","LAFC","2021","D","$90,444","$92,444","2021-09-30"
"","Sebastian Anderson","COL","2021","D","$90,000","$91,667","2021-09-30"
"","Paxten Aaronson","PHI","2021","M","$87,500","$91,500","2021-09-30"
"","Mohamed Traore","LAFC","2021","D","$91,444","$91,444","2021-09-30"
"","Michael Baldisimo","VAN","2021","M","$89,513","$91,275","2021-09-30"
"","Andre Rawls","COL","2021","GK","$85,000","$91,000","2021-09-30"
"","Christian Torres","LAFC","2021","F","$79,738","$90,968","2021-09-30"
"","Clément Bayiha","MTL","2021","M","$85,500","$90,875","2021-09-30"
"","Joel Waterman","MTL","2021","D","$81,375","$90,284","2021-09-30"
"","Adrián Zendejas","MIN","2021","GK","$81,375","$90,208","2021-09-30"
"","Trey Muse","SEA","2021","GK","$81,375","$90,125","2021-09-30"
"","Matt Real","PHI","2021","D","$90,000","$90,000","2021-09-30"
"","David Ochoa","RSL","2021","GK","$90,000","$90,000","2021-09-30"
"","Tate Schmitt","RSL","2021","F","$90,000","$90,000","2021-09-30"
"","Erik Holt","RSL","2021","D","$90,000","$90,000","2021-09-30"
"","Bryce Duke","LAFC","2021","M","$90,000","$90,000","2021-09-30"
"","Christopher Garcia","RSL","2021","F","$85,444","$89,744","2021-09-30"
"","Taylor Washington","NSH","2021","D","$89,513","$89,513","2021-09-30"
"","Olivier Mbaizo","PHI","2021","D","$89,513","$89,513","2021-09-30"
"","Andre Reynolds","CHI","2021","D","$81,375","$89,375","2021-09-30"
"","Manny Perez","ATX","2021","M","$63,547","$89,214","2021-09-30"
"","Justin Che","FCD","2021","D","$80,000","$89,209","2021-09-30"
"","Andy Thomas","SEA","2021","GK","$81,375","$88,875","2021-09-30"
"","Alvas Powell","PHI","2021","D","$81,375","$88,875","2021-09-30"
"","Bret Halsey","RSL","2021","D","$81,375","$88,875","2021-09-30"
"","Ethan Bartlow","HOU","2021","D","$81,375","$88,875","2021-09-30"
"","Cole Turner","PHI","2021","M","$85,444","$88,444","2021-09-30"
"","Moses Nyeman","DCU","2021","M","$85,444","$88,230","2021-09-30"
"","Casey Walls","SJE","2021","D","$85,000","$88,000","2021-09-30"
"","Paul Marie","SJE","2021","D","$81,375","$87,908","2021-09-30"
"","Bento Estrela","NYRB","2021","M","$63,547","$87,547","2021-09-30"
"","Nathan Harriel","PHI","2021","D","$70,000","$87,500","2021-09-30"
"","Bryan Meredith","NSH","2021","GK","$81,375","$87,375","2021-09-30"
"","Adam Saldana","LAG","2021","M","$81,375","$87,309","2021-09-30"
"","Ben Lundt","CIN","2021","GK","$85,444","$87,019","2021-09-30"
"","Tomás Romero","LAFC","2021","GK","$81,375","$86,375","2021-09-30"
"","John Tolkin","NYRB","2021","D","$81,375","$86,375","2021-09-30"
"","Ben Mines","CIN","2021","M","$81,375","$86,239","2021-09-30"
"","Karifa Yao","MTL","2021","D","$81,375","$85,591","2021-09-30"
"","Wyatt Omsberg","CHI","2021","D","$85,444","$85,444","2021-09-30"
"","Danny Musovski","LAFC","2021","F","$85,444","$85,444","2021-09-30"
"","Kamal Miller","MTL","2021","D","$85,444","$85,444","2021-09-30"
"","Eric Dick","CLB","2021","GK","$85,444","$85,444","2021-09-30"
"","Michael Nelson","HOU","2021","GK","$85,444","$85,444","2021-09-30"
"","Handwalla Bwana","NSH","2021","F","$85,444","$85,444","2021-09-30"
"","Justin vom Steeg","LAG","2021","GK","$85,444","$85,444","2021-09-30"
"","Matt LaGrassa","NSH","2021","M","$85,444","$85,444","2021-09-30"
"","Tony Rocha","NYC","2021","M","$85,444","$85,444","2021-09-30"
"","Maikel Chang","RSL","2021","M","$85,444","$85,444","2021-09-30"
"","Graham Smith","SKC","2021","D","$85,444","$85,444","2021-09-30"
"","Pablo Bonilla","POR","2021","D","$85,444","$85,444","2021-09-30"
"","Jon Kempin","DCU","2021","GK","$85,444","$85,444","2021-09-30"
"","Miguel Berry","CLB","2021","F","$85,444","$85,444","2021-09-30"
"","Jeremy Kelly","COL","2021","D","$85,444","$85,444","2021-09-30"
"","Justin Portillo","RSL","2021","M","$85,444","$85,444","2021-09-30"
"","Kai Koreniuk","LAG","2021","M","$85,444","$85,444","2021-09-30"
"","Julian Dunn-Johnson","TOR","2021","D","$85,444","$85,444","2021-09-30"
"","Renzo Zambrano","POR","2021","M","$85,444","$85,444","2021-09-30"
"","Kyle Zobeck","FCD","2021","GK","$85,444","$85,444","2021-09-30"
"","Mason Stajduhar","ORL","2021","GK","$85,444","$85,444","2021-09-30"
"","Andrew Brody","RSL","2021","M","$81,375","$85,208","2021-09-30"
"","Rocco Romeo","TOR","2021","D","$81,250","$84,641","2021-09-30"
"","Cameron Duke","SKC","2021","M","$81,375","$84,375","2021-09-30"
"","Marcus Godinho","VAN","2021","D","$81,375","$84,375","2021-09-30"
"","Orrin McKinze Gaines II","ATX","2021","F","$81,375","$84,125","2021-09-30"
"","Fanendo Adi","MIN","2021","F","$81,375","$83,875","2021-09-30"
"","Reed Baker-Whiting","SEA","2021","M","$63,547","$83,547","2021-09-30"
"","Antonio Leone","LAFC","2021","D","$81,375","$83,375","2021-09-30"
"","Julian Gaines","LAFC","2021","D","$81,375","$83,375","2021-09-30"
"","Callum Montgomery","MIN","2021","D","$81,375","$83,292","2021-09-30"
"","Michee Ngalina","LAFC","2021","F","$81,375","$82,875","2021-09-30"
"","Christian McFarlane","NYC","2021","D","$63,547","$81,803","2021-09-30"
"","Indiana Vassilev","MIA","2021","F","$81,375","$81,375","2021-09-30"
"","Michael Edwards","COL","2021","D","$81,375","$81,375","2021-09-30"
"","Earl Edwards Jr.","NER","2021","GK","$81,375","$81,375","2021-09-30"
"","Luis Barraza","NYC","2021","GK","$81,375","$81,375","2021-09-30"
"","Dylan Castanheira","MIA","2021","GK","$81,375","$81,375","2021-09-30"
"","Eric López","LAG","2021","GK","$81,375","$81,375","2021-09-30"
"","Sean Nealis","NYRB","2021","D","$81,375","$81,375","2021-09-30"
"","Micael DeShields","DCU","2021","D","$81,375","$81,375","2021-09-30"
"","Hassani Dotson","MIN","2021","M","$81,375","$81,375","2021-09-30"
"","Theo Bair","VAN","2021","F","$81,375","$81,375","2021-09-30"
"","Jared Stroud","ATX","2021","M","$81,375","$81,375","2021-09-30"
"","Jonathan Klinsmann","LAG","2021","GK","$81,375","$81,375","2021-09-30"
"","Cal Jennings","LAFC","2021","F","$81,375","$81,375","2021-09-30"
"","George Acosta","MIA","2021","M","$81,375","$81,375","2021-09-30"
"","Erick Torres","ATL","2021","F","$81,375","$81,375","2021-09-30"
"","Collen Warner","COL","2021","M","$81,375","$81,375","2021-09-30"
"","Caiser Gomes","FCD","2021","D","$81,375","$81,375","2021-09-30"
"","Marvin Loría","POR","2021","M","$81,375","$81,375","2021-09-30"
"","Elliot Panicco","NSH","2021","GK","$81,375","$81,375","2021-09-30"
"","Alex De John","ATL","2021","D","$81,375","$81,375","2021-09-30"
"","Federico Higuaín","MIA","2021","M","$81,375","$81,375","2021-09-30"
"","Adam Grinwis","ORL","2021","GK","$81,375","$81,375","2021-09-30"
"","Aurélien Collin","PHI","2021","D","$81,375","$81,375","2021-09-30"
"","Ben Lundgaard","ATL","2021","GK","$81,375","$81,375","2021-09-30"
"","Simon Colyn","VAN","2021","M","$81,375","$81,375","2021-09-30"
"","Spencer Richey","SEA","2021","GK","$81,375","$81,375","2021-09-30"
"","Mikey Ambrose","ATL","2021","D","$81,375","$81,375","2021-09-30"
"","Thomas Hasal","VAN","2021","GK","$81,375","$81,375","2021-09-30"
"","Boniek García","HOU","2021","M","$81,375","$81,375","2021-09-30"
"","Tony Alfaro","DCU","2021","D","$81,375","$81,375","2021-09-30"
"","Justin Haak","NYC","2021","M","$81,375","$81,375","2021-09-30"
"","Fredy Montero","SEA","2021","F","$81,375","$81,375","2021-09-30"
"","Cody Mizell","NYC","2021","GK","$81,375","$81,375","2021-09-30"
"","Kekuta Manneh","ATX","2021","F","$81,375","$81,375","2021-09-30"
"","Joseph Rosales","MIN","2021","M","$81,375","$81,375","2021-09-30"
"","Kyle Morton","HOU","2021","GK","$81,375","$81,375","2021-09-30"
"","Tah Brian Anunga","NSH","2021","M","$81,375","$81,375","2021-09-30"
"","Gedion Zelalem","NYC","2021","M","$81,375","$81,375","2021-09-30"
"","Chris Duvall","CIN","2021","D","$81,375","$81,375","2021-09-30"
"","Sam Junqua","HOU","2021","D","$81,375","$81,375","2021-09-30"
"","Adrien Pérez","DCU","2021","F","$81,375","$81,375","2021-09-30"
"","Chase Gasper","MIN","2021","D","$81,375","$81,375","2021-09-30"
"","Collin Verfurth","NER","2021","D","$81,375","$81,375","2021-09-30"
"","Carlos Harvey","LAG","2021","D","$81,375","$81,375","2021-09-30"
"","Erik McCue","HOU","2021","D","$81,375","$81,375","2021-09-30"
"","Dom Dwyer","TOR","2021","F","$81,375","$81,375","2021-09-30"
"","Jon Gallagher","ATX","2021","F","$81,375","$81,375","2021-09-30"
"","Nicholas DePuy","LAG","2021","D","$81,375","$81,375","2021-09-30"
"","Drew Skundrich","DCU","2021","M","$81,375","$81,375","2021-09-30"
"","Amar Sejdic","ATL","2021","M","$81,375","$81,375","2021-09-30"
"","Marlon Hairston","CLB","2021","M","$81,375","$81,375","2021-09-30"
"","Ismaila Jome","POR","2021","D","$81,375","$81,375","2021-09-30"
"","Jovanny Bolívar","DCU","2021","F","$81,375","$81,375","2021-09-30"
"","Felipe Hernandez","SKC","2021","M","$81,375","$81,375","2021-09-30"
"","David Bingham","POR","2021","GK","$81,375","$81,375","2021-09-30"
"","Kimarni Smith","DCU","2021","M","$81,375","$81,375","2021-09-30"
"","Douglas Martínez","RSL","2021","F","$81,375","$81,375","2021-09-30"
"","Ethan Dobbelaere","SEA","2021","M","$67,360","$81,360","2021-09-30"
"","Andres Jasson","NYC","2021","M","$63,547","$80,691","2021-09-30"
"","George Campbell","ATL","2021","D","$80,000","$80,000","2021-09-30"
"","Tyler Wolff","ATL","2021","F","$75,000","$79,500","2021-09-30"
"","Jack McGlynn","PHI","2021","M","$64,992","$78,892","2021-09-30"
"","Dantouma Toure","COL","2021","F","$63,547","$78,165","2021-09-30"
"","Juan Castilla","HOU","2021","M","$63,547","$77,897","2021-09-30"
"","Brandan Craig","PHI","2021","M","$65,000","$77,825","2021-09-30"
"","Patrick Weah","MIN","2021","M","$63,547","$76,733","2021-09-30"
"","Owen Wolff","ATX","2021","M","$63,547","$76,600","2021-09-30"
"","Tomas Giraldo","MTL","2021","M","$66,724","$75,481","2021-09-30"
"","Emmanuel Ochoa","SJE","2021","GK","$65,000","$75,080","2021-09-30"
"","Kamron Habibullah","VAN","2021","M","$63,547","$74,429","2021-09-30"
"","Darren Yapi","COL","2021","F","$63,547","$74,380","2021-09-30"
"","Shandon Hopeau","SEA","2021","M","$66,724","$74,360","2021-09-30"
"","Jeffrey Dewsnup","RSL","2021","GK","$63,547","$73,372","2021-09-30"
"","Dominick Hernandez","FCD","2021","M","$63,547","$73,237","2021-09-30"
"","Alistair Johnston","NSH","2021","M","$73,079","$73,079","2021-09-30"
"","Damiano Pecile","VAN","2021","M","$66,724","$72,818","2021-09-30"
"","Fred Emmings","MIN","2021","GK","$66,724","$72,724","2021-09-30"
"","Omar Sowe","NYRB","2021","F","$63,547","$72,633","2021-09-30"
"","Matteo Campagna","VAN","2021","D","$63,547","$72,559","2021-09-30"
"","Rida Zouhir","MTL","2021","M","$63,547","$71,730","2021-09-30"
"","Luke Singh","TOR","2021","D","$63,547","$71,513","2021-09-30"
"","Wilson Harris","SKC","2021","F","$67,360","$71,212","2021-09-30"
"","Benjamin Redzic","FCD","2021","M","$63,547","$71,169","2021-09-30"
"","Jonathan Sirois","MTL","2021","GK","$66,724","$71,167","2021-09-30"
"","Ralph Priso-Mbongue","TOR","2021","M","$66,724","$70,476","2021-09-30"
"","Selmir Miscic","PHI","2021","M","$63,547","$70,026","2021-09-30"
"","John Pulskamp","SKC","2021","GK","$67,360","$69,860","2021-09-30"
"","Benjamin Kikanovic","SJE","2021","F","$63,547","$69,322","2021-09-30"
"","Gianfranco Facchineri","VAN","2021","D","$66,724","$68,724","2021-09-30"
"","Kayden Pierre","SKC","2021","D","$63,547","$68,647","2021-09-30"
"","Alex Monis","CHI","2021","M","$66,724","$68,624","2021-09-30"
"","Allan Rodriguez","CHI","2021","M","$66,724","$68,624","2021-09-30"
"","Chris Brady","CHI","2021","GK","$66,724","$68,624","2021-09-30"
"","Brian Gutierrez","CHI","2021","M","$66,724","$68,624","2021-09-30"
"","Javier Casas","CHI","2021","M","$66,724","$68,624","2021-09-30"
"","Joshua Atencio","SEA","2021","M","$63,547","$68,161","2021-09-30"
"","Hunter Sulte","POR","2021","GK","$63,547","$68,143","2021-09-30"
"","Daniel Rios","HOU","2021","M","$63,547","$68,069","2021-09-30"
"","Nicholas Slonina","CHI","2021","D","$66,724","$67,974","2021-09-30"
"","Jordan Perruzza","TOR","2021","F","$63,547","$67,847","2021-09-30"
"","Bode Davis","RSL","2021","M","$63,547","$67,841","2021-09-30"
"","Beckham Sunderland","CIN","2021","GK","$63,547","$67,609","2021-09-30"
"","Noah Powder","RSL","2021","D","$63,547","$67,609","2021-09-30"
"","Isaiah Parente","CLB","2021","M","$63,547","$67,547","2021-09-30"
"","Aziel Jackson","MIN","2021","M","$63,547","$67,444","2021-09-30"
"","Blake Bodily","POR","2021","M","$67,360","$67,360","2021-09-30"
"","Grayson Barber","SKC","2021","F","$63,547","$67,297","2021-09-30"
"","Luca Lewis","NYRB","2021","GK","$63,547","$67,147","2021-09-30"
"","Arquimides Ordonez","CIN","2021","F","$63,547","$67,084","2021-09-30"
"","Quinn Sullivan","PHI","2021","M","$63,547","$67,047","2021-09-30"
"","Nkosi Burgess","FCD","2021","D","$66,724","$66,724","2021-09-30"
"","Patrick Metcalfe","VAN","2021","M","$66,724","$66,724","2021-09-30"
"","Jack Skahan","SJE","2021","M","$66,724","$66,724","2021-09-30"
"","Ifunanyachi Achara","TOR","2021","M","$66,724","$66,724","2021-09-30"
"","Luke Haakenson","NSH","2021","M","$66,724","$66,724","2021-09-30"
"","Marcelo Palomino","HOU","2021","F","$66,724","$66,724","2021-09-30"
"","Joey Dezart","ORL","2021","M","$66,724","$66,724","2021-09-30"
"","Isaac Boehmer","VAN","2021","GK","$66,724","$66,724","2021-09-30"
"","Edwin Munjoma","FCD","2021","D","$66,724","$66,724","2021-09-30"
"","Zac McGraw","POR","2021","D","$66,724","$66,724","2021-09-30"
"","Kevin Silva","TOR","2021","GK","$66,724","$66,724","2021-09-30"
"","Noah Billingsley","MIN","2021","D","$66,724","$66,724","2021-09-30"
"","Zico Bailey","CIN","2021","D","$66,724","$66,724","2021-09-30"
"","Nico Lemoine","HOU","2021","F","$66,724","$66,724","2021-09-30"
"","Jacob Greene","DCU","2021","D","$63,547","$66,547","2021-09-30"
"","Osvaldo Cisneros","SKC","2021","F","$63,547","$66,547","2021-09-30"
"","Anthony Sorenson","PHI","2021","M","$63,547","$66,547","2021-09-30"
"","Collin Smith","FCD","2021","D","$63,547","$66,547","2021-09-30"
"","Wikelman Carmona","NYRB","2021","M","$63,547","$66,297","2021-09-30"
"","Ismael Koné","MTL","2021","M","$63,547","$66,172","2021-09-30"
"","Augustine Williams","LAG","2021","F","$63,547","$63,547","2021-09-30"
"","Álvaro Quezada","LAFC","2021","D","$63,547","$63,547","2021-09-30"
"","Felipe Valencia","MIA","2021","F","$63,547","$63,547","2021-09-30"
"","Ian Fray","MIA","2021","D","$63,547","$63,547","2021-09-30"
"","Jackson Conway","ATL","2021","F","$63,547","$63,547","2021-09-30"
"","Frederik Kleemann","ATX","2021","D","$63,547","$63,547","2021-09-30"
"","Derek Dodson","ORL","2021","F","$63,547","$63,547","2021-09-30"
"","Abdoulaye Cissoko","SEA","2021","D","$63,547","$63,547","2021-09-30"
"","Anthony Marcucci","NYRB","2021","GK","$63,547","$63,547","2021-09-30"
"","George Asomani","SJE","2021","M","$63,547","$63,547","2021-09-30"
"","Nicholas Hinds","NSH","2021","D","$63,547","$63,547","2021-09-30"
"","Maciel","NER","2021","M","$63,547","$63,547","2021-09-30"
"","Joshua Penn","MIA","2021","M","$63,547","$63,547","2021-09-30"
"","Thomas Judge","NSH","2021","D","$63,547","$63,547","2021-09-30"
"","Vuk Latinovich","NYC","2021","D","$63,547","$63,547","2021-09-30"
"","Avionne Flanagan","CIN","2021","D","$63,547","$63,547","2021-09-30"
"","Jorge Gonzalez Asensi","POR","2021","M","$63,547","$63,547","2021-09-30"
"","Kalil ElMedkhar","FCD","2021","D","$63,547","$63,547","2021-09-30"
"","Josh Bauer","ATL","2021","D","$63,547","$63,547","2021-09-30"
"","Justin McMaster","MIN","2021","F","$63,547","$63,547","2021-09-30"
"","Will Pulisic","ATX","2021","GK","$63,547","$63,547","2021-09-30"
"","Daniel Crisostomo","LAFC","2021","M","$63,547","$63,547","2021-09-30"
"","Edward Kizza","NER","2021","F","$63,547","$63,547","2021-09-30"
"","Patrick Seagrist","MIA","2021","D","$63,547","$63,547","2021-09-30"
"","Bryce Washington","ATL","2021","D","$63,547","$63,547","2021-09-30"
"","Ian Hoffman","HOU","2021","D","$63,547","$63,547","2021-09-30"
"","Abraham Rodriguez","COL","2021","GK","$63,547","$63,547","2021-09-30"
"","Edison Azcona","MIA","2021","M","$63,547","$63,547","2021-09-30"
"","Jordan Bender","ORL","2021","M","$63,547","$63,547","2021-09-30"
"","Jonathan Bell","NER","2021","D","$63,547","$63,547","2021-09-30"
"","Efrain Morales","ATL","2021","D","$63,547","$63,547","2021-09-30"
"","Brooks Thompson","SKC","2021","GK","$63,547","$63,547","2021-09-30"
"","Rio Hope-Gund","ORL","2021","D","$63,547","$63,547","2021-09-30"
"","Sami Guediri","MIA","2021","D","$63,547","$63,547","2021-09-30"
"","Thomas Williamson","SJE","2021","F","$63,547","$63,547","2021-09-30"
"","Robert Castellanos","NSH","2021","D","$63,547","$63,547","2021-09-30"
"","Aedan Stanley","ATX","2021","D","$63,547","$63,547","2021-09-30"
"","D.J. Taylor","MIN","2021","M","$63,547","$63,547","2021-09-30"
"","Kaveh Rad","SKC","2021","D","$63,547","$63,547","2021-09-30"
"","Will Vint","COL","2021","D","$63,547","$63,547","2021-09-30"
"","Damian Rivera","NER","2021","M","$63,547","$63,547","2021-09-30"
"","Raul Aguilera Jr.","ORL","2021","M","$63,547","$63,547","2021-09-30"
"","Sebastian Breza","MTL","2021","GK","$63,547","$63,547","2021-09-30"
"","Oliver Larraz","COL","2021","M","$63,547","$63,547","2021-09-30"
"","Irakoze Donasiyano","NSH","2021","M","$63,547","$63,547","2021-09-30"
"","Javain Brown","VAN","2021","D","$63,547","$63,547","2021-09-30"
"","Tor Saunders","NSH","2021","GK","$63,547","$63,547","2021-09-30"
"","Nabilai Kibunguchy","MIN","2021","F","$63,547","$63,547","2021-09-30"
"","David Egbo","VAN","2021","F","$63,547","$63,547","2021-09-30"
"","Daniel Aguirre","LAG","2021","M","$63,547","$63,547","2021-09-30"
"","Machop Chol","ATL","2021","M","$63,547","$63,547","2021-09-30"
"","Jacob Davis","SKC","2021","M","$63,547","$63,547","2021-09-30"